seed,Total Cost T
272,1.25793e+09
1050,1.28999e+09
456,1.27032e+09
841,1.26783e+09
838,1.20728e+09
757,1.33732e+09
78,1.31185e+09
262,1.32119e+09
1124,1.27389e+09
378,1.28849e+09
