seed,Total Cost T
272,1.2579e+09
1050,1.28997e+09
456,1.27026e+09
841,1.26779e+09
838,1.20725e+09
757,1.3373e+09
78,1.31182e+09
262,1.32116e+09
1124,1.27386e+09
378,1.28845e+09
