seed,Total Cost T
272,9.85323e+08
1050,9.75148e+08
456,9.61995e+08
841,9.42885e+08
838,9.19464e+08
757,9.87756e+08
78,9.84484e+08
262,9.81287e+08
1124,9.41366e+08
378,9.91582e+08
