seed,Total Cost T
272,9.51469e+08
1050,9.41222e+08
456,9.29224e+08
841,9.10833e+08
838,8.89368e+08
757,9.50529e+08
78,9.48282e+08
262,9.45562e+08
1124,9.07176e+08
378,9.5798e+08
