seed,Total Cost T
272,1.18653e+09
1050,1.21215e+09
456,1.1915e+09
841,1.18478e+09
838,1.12238e+09
757,1.25491e+09
78,1.23066e+09
262,1.24079e+09
1124,1.1908e+09
378,1.21068e+09
