seed,Total Cost T
272,1.18115e+09
1050,1.20504e+09
456,1.18387e+09
841,1.17666e+09
838,1.11507e+09
757,1.24827e+09
78,1.22375e+09
262,1.23458e+09
1124,1.18398e+09
378,1.20478e+09
