seed,Total Cost T
272,4.68644e+07
1050,4.68644e+07
456,4.68644e+07
841,4.68644e+07
838,4.68644e+07
757,4.68644e+07
78,4.68644e+07
262,4.68644e+07
1124,4.68644e+07
378,4.68644e+07
