seed,Total Cost T
272,1.07061e+09
1050,1.06073e+09
456,1.04854e+09
841,1.0207e+09
838,9.91753e+08
757,1.07943e+09
78,1.06149e+09
262,1.07186e+09
1124,1.01661e+09
378,1.07962e+09
