seed,Total Cost T
272,4.10333e+08
1050,4.10333e+08
456,4.10333e+08
841,4.10333e+08
838,4.10333e+08
757,4.10333e+08
78,4.10333e+08
262,4.10333e+08
1124,4.10333e+08
378,4.10333e+08
