seed,Total Cost T
272,6.91439e+07
1050,6.91439e+07
456,6.91439e+07
841,6.91439e+07
838,6.91439e+07
757,6.91439e+07
78,6.91439e+07
262,6.91439e+07
1124,6.91439e+07
378,6.91439e+07
