seed,Total Cost T
272,1.25481e+09
1050,1.28571e+09
456,1.26509e+09
841,1.26497e+09
838,1.19936e+09
757,1.32776e+09
78,1.30646e+09
262,1.31468e+09
1124,1.27075e+09
378,1.28425e+09
