seed,Total Cost T
272,1.24186e+09
1050,1.26899e+09
456,1.24959e+09
841,1.24811e+09
838,1.18365e+09
757,1.31237e+09
78,1.28948e+09
262,1.29982e+09
1124,1.25566e+09
378,1.27055e+09
