seed,Total Cost T
272,1.16698e+09
1050,1.20814e+09
456,1.17471e+09
841,1.17253e+09
838,1.11798e+09
757,1.26503e+09
78,1.23744e+09
262,1.23527e+09
1124,1.18643e+09
378,1.19364e+09
