seed,Total Cost T
272,1.16601e+09
1050,1.20693e+09
456,1.17348e+09
841,1.17124e+09
838,1.11694e+09
757,1.26405e+09
78,1.23624e+09
262,1.23428e+09
1124,1.18539e+09
378,1.19257e+09
