seed,Total Cost T
272,1.21643e+09
1050,1.24407e+09
456,1.22447e+09
841,1.21924e+09
838,1.15753e+09
757,1.28766e+09
78,1.26346e+09
262,1.27373e+09
1124,1.22472e+09
378,1.24309e+09
