seed,Total Cost T
272,1.21389e+09
1050,1.24074e+09
456,1.22086e+09
841,1.21545e+09
838,1.15418e+09
757,1.28451e+09
78,1.26022e+09
262,1.27078e+09
1124,1.22151e+09
378,1.24027e+09
