seed,Total Cost T
272,1.97959e+07
1050,1.97959e+07
456,1.97959e+07
841,1.97959e+07
838,1.97959e+07
757,1.97959e+07
78,1.97959e+07
262,1.97959e+07
1124,1.97959e+07
378,1.97959e+07
