seed,Total Cost T
272,1.25698e+09
1050,1.28914e+09
456,1.26935e+09
841,1.26687e+09
838,1.20641e+09
757,1.33659e+09
78,1.31112e+09
262,1.32028e+09
1124,1.27298e+09
378,1.28745e+09
