seed,Total Cost T
272,1.27214e+09
1050,1.30342e+09
456,1.28531e+09
841,1.28279e+09
838,1.22112e+09
757,1.34881e+09
78,1.32356e+09
262,1.33505e+09
1124,1.28788e+09
378,1.30412e+09
