seed,Total Cost T
272,1.26978e+09
1050,1.30161e+09
456,1.28369e+09
841,1.28054e+09
838,1.22012e+09
757,1.34589e+09
78,1.31989e+09
262,1.3329e+09
1124,1.28556e+09
378,1.30182e+09
