seed,Total Cost T
272,1.24687e+09
1050,1.27493e+09
456,1.25613e+09
841,1.25109e+09
838,1.19287e+09
757,1.31631e+09
78,1.28969e+09
262,1.30655e+09
1124,1.26036e+09
378,1.27775e+09
