seed,Total Cost T
272,1.53247e+08
1050,1.53247e+08
456,1.53247e+08
841,1.53247e+08
838,1.53247e+08
757,1.53247e+08
78,1.53247e+08
262,1.53247e+08
1124,1.53247e+08
378,1.53247e+08
