seed,Total Cost T
272,1.11894e+09
1050,1.16275e+09
456,1.12315e+09
841,1.12116e+09
838,1.07196e+09
757,1.22527e+09
78,1.19762e+09
262,1.18939e+09
1124,1.13974e+09
378,1.14207e+09
