seed,Total Cost T
272,1.12087e+09
1050,1.16515e+09
456,1.12567e+09
841,1.12369e+09
838,1.07403e+09
757,1.22727e+09
78,1.19999e+09
262,1.19134e+09
1124,1.14184e+09
378,1.14418e+09
