seed,Total Cost T
272,1.26679e+09
1050,1.29816e+09
456,1.2812e+09
841,1.27711e+09
838,1.21545e+09
757,1.34322e+09
78,1.31625e+09
262,1.32912e+09
1124,1.28139e+09
378,1.29749e+09
