seed,Total Cost T
272,1.21304e+09
1050,1.23401e+09
456,1.21579e+09
841,1.20627e+09
838,1.14984e+09
757,1.27291e+09
78,1.24502e+09
262,1.26619e+09
1124,1.22082e+09
378,1.24037e+09
