seed,Total Cost T
272,1.24272e+09
1050,1.28117e+09
456,1.26108e+09
841,1.25329e+09
838,1.19485e+09
757,1.32894e+09
78,1.30457e+09
262,1.31681e+09
1124,1.27042e+09
378,1.27547e+09
