seed,Total Cost T
272,1.23624e+09
1050,1.27446e+09
456,1.25408e+09
841,1.24611e+09
838,1.18731e+09
757,1.32139e+09
78,1.29682e+09
262,1.30955e+09
1124,1.26306e+09
378,1.26859e+09
