seed, Total Cost T
595, 1.36727e+09
867, 1.1792e+09
761, 1.24659e+09
829, 1.31582e+09
377, 1.42883e+09
185, 1.21614e+09
41, 1.36398e+09
198, 1.31661e+09
989, 1.33163e+09
172, 1.19969e+09
