seed,Total Cost T
272,1.27348e+09
1050,1.30449e+09
456,1.28653e+09
841,1.2844e+09
838,1.22195e+09
757,1.34944e+09
78,1.32404e+09
262,1.33657e+09
1124,1.28883e+09
378,1.30589e+09
