seed,Total Cost T
272,1.26151e+09
1050,1.29333e+09
456,1.27414e+09
841,1.27162e+09
838,1.21073e+09
757,1.34026e+09
78,1.31471e+09
262,1.32463e+09
1124,1.27731e+09
378,1.29236e+09
