seed,Total Cost T
272,1.26148e+09
1050,1.29329e+09
456,1.27409e+09
841,1.27158e+09
838,1.2107e+09
757,1.34023e+09
78,1.31468e+09
262,1.3246e+09
1124,1.27727e+09
378,1.29232e+09
