seed,Total Cost T
272,1.21947e+09
1050,1.25989e+09
456,1.23858e+09
841,1.22855e+09
838,1.17034e+09
757,1.30654e+09
78,1.28227e+09
262,1.29545e+09
1124,1.24924e+09
378,1.2515e+09
