seed,Total Cost T
272,1.2322e+09
1050,1.27319e+09
456,1.2524e+09
841,1.24274e+09
838,1.18544e+09
757,1.32156e+09
78,1.29766e+09
262,1.3098e+09
1124,1.26388e+09
378,1.265e+09
